Tarikh Miladi,Tarikh Hijri,Hari,Imsak,Subuh,Syuruk,Zohor,Asar,Maghrib,Isyak
01-Jan-2022,27-Jaw-1443,Sabtu,5:56 am ,6:06 am,7:18 am,1:19 pm,4:42 pm,7:17 pm,8:31 pm
02-Jan-2022,28-Jaw-1443,Ahad,5:57 am ,6:07 am,7:19 am,1:20 pm,4:42 pm,7:17 pm,8:32 pm
03-Jan-2022,29-Jaw-1443,Isnin,5:57 am ,6:07 am,7:19 am,1:20 pm,4:43 pm,7:18 pm,8:32 pm
04-Jan-2022,01-Jak-1443,Selasa,5:58 am ,6:08 am,7:20 am,1:21 pm,4:43 pm,7:18 pm,8:33 pm
05-Jan-2022,02-Jak-1443,Rabu,5:58 am ,6:08 am,7:20 am,1:21 pm,4:44 pm,7:18 pm,8:33 pm
06-Jan-2022,03-Jak-1443,Khamis,5:59 am ,6:09 am,7:20 am,1:22 pm,4:44 pm,7:19 pm,8:33 pm
07-Jan-2022,04-Jak-1443,Jumaat,5:59 am ,6:09 am,7:21 am,1:22 pm,4:45 pm,7:19 pm,8:34 pm
08-Jan-2022,05-Jak-1443,Sabtu,6:00 am ,6:10 am,7:21 am,1:23 pm,4:45 pm,7:20 pm,8:34 pm
09-Jan-2022,06-Jak-1443,Ahad,6:00 am ,6:10 am,7:22 am,1:23 pm,4:45 pm,7:20 pm,8:34 pm
10-Jan-2022,07-Jak-1443,Isnin,6:01 am ,6:11 am,7:22 am,1:23 pm,4:46 pm,7:21 pm,8:35 pm
11-Jan-2022,08-Jak-1443,Selasa,6:01 am ,6:11 am,7:22 am,1:24 pm,4:46 pm,7:21 pm,8:35 pm
12-Jan-2022,09-Jak-1443,Rabu,6:02 am ,6:12 am,7:23 am,1:24 pm,4:47 pm,7:22 pm,8:36 pm
13-Jan-2022,10-Jak-1443,Khamis,6:02 am ,6:12 am,7:23 am,1:25 pm,4:47 pm,7:22 pm,8:36 pm
14-Jan-2022,11-Jak-1443,Jumaat,6:02 am ,6:12 am,7:23 am,1:25 pm,4:47 pm,7:22 pm,8:36 pm
15-Jan-2022,12-Jak-1443,Sabtu,6:03 am ,6:13 am,7:24 am,1:25 pm,4:48 pm,7:23 pm,8:36 pm
16-Jan-2022,13-Jak-1443,Ahad,6:03 am ,6:13 am,7:24 am,1:26 pm,4:48 pm,7:23 pm,8:37 pm
17-Jan-2022,14-Jak-1443,Isnin,6:04 am ,6:14 am,7:24 am,1:26 pm,4:48 pm,7:24 pm,8:37 pm
18-Jan-2022,15-Jak-1443,Selasa,6:04 am ,6:14 am,7:24 am,1:26 pm,4:49 pm,7:24 pm,8:37 pm
19-Jan-2022,16-Jak-1443,Rabu,6:04 am ,6:14 am,7:25 am,1:27 pm,4:49 pm,7:24 pm,8:38 pm
20-Jan-2022,17-Jak-1443,Khamis,6:05 am ,6:15 am,7:25 am,1:27 pm,4:49 pm,7:25 pm,8:38 pm
21-Jan-2022,18-Jak-1443,Jumaat,6:05 am ,6:15 am,7:25 am,1:27 pm,4:49 pm,7:25 pm,8:38 pm
22-Jan-2022,19-Jak-1443,Sabtu,6:05 am ,6:15 am,7:25 am,1:27 pm,4:49 pm,7:25 pm,8:38 pm
23-Jan-2022,20-Jak-1443,Ahad,6:06 am ,6:16 am,7:26 am,1:28 pm,4:50 pm,7:26 pm,8:38 pm
24-Jan-2022,21-Jak-1443,Isnin,6:06 am ,6:16 am,7:26 am,1:28 pm,4:50 pm,7:26 pm,8:39 pm
25-Jan-2022,22-Jak-1443,Selasa,6:06 am ,6:16 am,7:26 am,1:28 pm,4:50 pm,7:26 pm,8:39 pm
26-Jan-2022,23-Jak-1443,Rabu,6:06 am ,6:16 am,7:26 am,1:28 pm,4:50 pm,7:26 pm,8:39 pm
27-Jan-2022,24-Jak-1443,Khamis,6:07 am ,6:17 am,7:26 am,1:29 pm,4:50 pm,7:27 pm,8:39 pm
28-Jan-2022,25-Jak-1443,Jumaat,6:07 am ,6:17 am,7:26 am,1:29 pm,4:50 pm,7:27 pm,8:39 pm
29-Jan-2022,26-Jak-1443,Sabtu,6:07 am ,6:17 am,7:26 am,1:29 pm,4:51 pm,7:27 pm,8:39 pm
30-Jan-2022,27-Jak-1443,Ahad,6:07 am ,6:17 am,7:27 am,1:29 pm,4:51 pm,7:27 pm,8:39 pm
31-Jan-2022,28-Jak-1443,Isnin,6:07 am ,6:17 am,7:27 am,1:29 pm,4:51 pm,7:28 pm,8:40 pm
01-Feb-2022,29-Jak-1443,Selasa,6:08 am ,6:18 am,7:27 am,1:30 pm,4:51 pm,7:28 pm,8:40 pm
02-Feb-2022,30-Jak-1443,Rabu,6:08 am ,6:18 am,7:27 am,1:30 pm,4:51 pm,7:28 pm,8:40 pm
03-Feb-2022,01-Rej-1443,Khamis,6:08 am ,6:18 am,7:27 am,1:30 pm,4:51 pm,7:28 pm,8:40 pm
04-Feb-2022,02-Rej-1443,Jumaat,6:08 am ,6:18 am,7:27 am,1:30 pm,4:51 pm,7:28 pm,8:40 pm
05-Feb-2022,03-Rej-1443,Sabtu,6:08 am ,6:18 am,7:27 am,1:30 pm,4:51 pm,7:28 pm,8:40 pm
06-Feb-2022,04-Rej-1443,Ahad,6:08 am ,6:18 am,7:27 am,1:30 pm,4:51 pm,7:29 pm,8:40 pm
07-Feb-2022,05-Rej-1443,Isnin,6:08 am ,6:18 am,7:27 am,1:30 pm,4:51 pm,7:29 pm,8:40 pm
08-Feb-2022,06-Rej-1443,Selasa,6:08 am ,6:18 am,7:27 am,1:30 pm,4:50 pm,7:29 pm,8:40 pm
09-Feb-2022,07-Rej-1443,Rabu,6:09 am ,6:19 am,7:27 am,1:30 pm,4:50 pm,7:29 pm,8:40 pm
10-Feb-2022,08-Rej-1443,Khamis,6:09 am ,6:19 am,7:27 am,1:30 pm,4:50 pm,7:29 pm,8:40 pm
11-Feb-2022,09-Rej-1443,Jumaat,6:09 am ,6:19 am,7:27 am,1:30 pm,4:50 pm,7:29 pm,8:40 pm
12-Feb-2022,10-Rej-1443,Sabtu,6:09 am ,6:19 am,7:26 am,1:30 pm,4:50 pm,7:29 pm,8:40 pm
13-Feb-2022,11-Rej-1443,Ahad,6:09 am ,6:19 am,7:26 am,1:30 pm,4:50 pm,7:29 pm,8:40 pm
14-Feb-2022,12-Rej-1443,Isnin,6:09 am ,6:19 am,7:26 am,1:30 pm,4:49 pm,7:29 pm,8:40 pm
15-Feb-2022,13-Rej-1443,Selasa,6:09 am ,6:19 am,7:26 am,1:30 pm,4:49 pm,7:29 pm,8:40 pm
16-Feb-2022,14-Rej-1443,Rabu,6:09 am ,6:19 am,7:26 am,1:30 pm,4:49 pm,7:29 pm,8:39 pm
17-Feb-2022,15-Rej-1443,Khamis,6:08 am ,6:18 am,7:26 am,1:30 pm,4:49 pm,7:29 pm,8:39 pm
18-Feb-2022,16-Rej-1443,Jumaat,6:08 am ,6:18 am,7:26 am,1:30 pm,4:48 pm,7:29 pm,8:39 pm
19-Feb-2022,17-Rej-1443,Sabtu,6:08 am ,6:18 am,7:25 am,1:30 pm,4:48 pm,7:29 pm,8:39 pm
20-Feb-2022,18-Rej-1443,Ahad,6:08 am ,6:18 am,7:25 am,1:30 pm,4:47 pm,7:29 pm,8:39 pm
21-Feb-2022,19-Rej-1443,Isnin,6:08 am ,6:18 am,7:25 am,1:30 pm,4:47 pm,7:29 pm,8:39 pm
22-Feb-2022,20-Rej-1443,Selasa,6:08 am ,6:18 am,7:25 am,1:29 pm,4:47 pm,7:29 pm,8:39 pm
23-Feb-2022,21-Rej-1443,Rabu,6:08 am ,6:18 am,7:25 am,1:29 pm,4:46 pm,7:29 pm,8:39 pm
24-Feb-2022,22-Rej-1443,Khamis,6:08 am ,6:18 am,7:24 am,1:29 pm,4:46 pm,7:29 pm,8:39 pm
25-Feb-2022,23-Rej-1443,Jumaat,6:07 am ,6:17 am,7:24 am,1:29 pm,4:45 pm,7:29 pm,8:39 pm
26-Feb-2022,24-Rej-1443,Sabtu,6:07 am ,6:17 am,7:24 am,1:29 pm,4:45 pm,7:29 pm,8:38 pm
27-Feb-2022,25-Rej-1443,Ahad,6:07 am ,6:17 am,7:24 am,1:29 pm,4:44 pm,7:29 pm,8:38 pm
28-Feb-2022,26-Rej-1443,Isnin,6:07 am ,6:17 am,7:23 am,1:29 pm,4:44 pm,7:29 pm,8:38 pm
01-Mac-2022,27-Rej-1443,Selasa,6:07 am ,6:17 am,7:23 am,1:28 pm,4:43 pm,7:29 pm,8:38 pm
02-Mac-2022,28-Rej-1443,Rabu,6:06 am ,6:16 am,7:23 am,1:28 pm,4:43 pm,7:29 pm,8:38 pm
03-Mac-2022,29-Rej-1443,Khamis,6:06 am ,6:16 am,7:22 am,1:28 pm,4:42 pm,7:28 pm,8:38 pm
04-Mac-2022,01-Syb-1443,Jumaat,6:06 am ,6:16 am,7:22 am,1:28 pm,4:42 pm,7:28 pm,8:38 pm
05-Mac-2022,02-Syb-1443,Sabtu,6:06 am ,6:16 am,7:22 am,1:28 pm,4:41 pm,7:28 pm,8:37 pm
06-Mac-2022,03-Syb-1443,Ahad,6:05 am ,6:15 am,7:21 am,1:27 pm,4:40 pm,7:28 pm,8:37 pm
07-Mac-2022,04-Syb-1443,Isnin,6:05 am ,6:15 am,7:21 am,1:27 pm,4:40 pm,7:28 pm,8:37 pm
08-Mac-2022,05-Syb-1443,Selasa,6:05 am ,6:15 am,7:21 am,1:27 pm,4:39 pm,7:28 pm,8:37 pm
09-Mac-2022,06-Syb-1443,Rabu,6:04 am ,6:14 am,7:20 am,1:27 pm,4:38 pm,7:28 pm,8:37 pm
10-Mac-2022,07-Syb-1443,Khamis,6:04 am ,6:14 am,7:20 am,1:26 pm,4:38 pm,7:28 pm,8:37 pm
11-Mac-2022,08-Syb-1443,Jumaat,6:04 am ,6:14 am,7:20 am,1:26 pm,4:37 pm,7:27 pm,8:36 pm
12-Mac-2022,09-Syb-1443,Sabtu,6:03 am ,6:13 am,7:19 am,1:26 pm,4:36 pm,7:27 pm,8:36 pm
13-Mac-2022,10-Syb-1443,Ahad,6:03 am ,6:13 am,7:19 am,1:26 pm,4:35 pm,7:27 pm,8:36 pm
14-Mac-2022,11-Syb-1443,Isnin,6:03 am ,6:13 am,7:18 am,1:25 pm,4:35 pm,7:27 pm,8:36 pm
15-Mac-2022,12-Syb-1443,Selasa,6:02 am ,6:12 am,7:18 am,1:25 pm,4:34 pm,7:27 pm,8:36 pm
16-Mac-2022,13-Syb-1443,Rabu,6:02 am ,6:12 am,7:18 am,1:25 pm,4:33 pm,7:27 pm,8:35 pm
17-Mac-2022,14-Syb-1443,Khamis,6:02 am ,6:12 am,7:17 am,1:24 pm,4:32 pm,7:26 pm,8:35 pm
18-Mac-2022,15-Syb-1443,Jumaat,6:01 am ,6:11 am,7:17 am,1:24 pm,4:31 pm,7:26 pm,8:35 pm
19-Mac-2022,16-Syb-1443,Sabtu,6:01 am ,6:11 am,7:17 am,1:24 pm,4:30 pm,7:26 pm,8:35 pm
20-Mac-2022,17-Syb-1443,Ahad,6:00 am ,6:10 am,7:16 am,1:24 pm,4:29 pm,7:26 pm,8:35 pm
21-Mac-2022,18-Syb-1443,Isnin,6:00 am ,6:10 am,7:16 am,1:23 pm,4:29 pm,7:26 pm,8:34 pm
22-Mac-2022,19-Syb-1443,Selasa,6:00 am ,6:10 am,7:15 am,1:23 pm,4:28 pm,7:25 pm,8:34 pm
23-Mac-2022,20-Syb-1443,Rabu,5:59 am ,6:09 am,7:15 am,1:23 pm,4:27 pm,7:25 pm,8:34 pm
24-Mac-2022,21-Syb-1443,Khamis,5:59 am ,6:09 am,7:14 am,1:22 pm,4:26 pm,7:25 pm,8:34 pm
25-Mac-2022,22-Syb-1443,Jumaat,5:58 am ,6:08 am,7:14 am,1:22 pm,4:25 pm,7:25 pm,8:34 pm
26-Mac-2022,23-Syb-1443,Sabtu,5:58 am ,6:08 am,7:14 am,1:22 pm,4:24 pm,7:25 pm,8:34 pm
27-Mac-2022,24-Syb-1443,Ahad,5:57 am ,6:07 am,7:13 am,1:21 pm,4:23 pm,7:24 pm,8:33 pm
28-Mac-2022,25-Syb-1443,Isnin,5:57 am ,6:07 am,7:13 am,1:21 pm,4:22 pm,7:24 pm,8:33 pm
29-Mac-2022,26-Syb-1443,Selasa,5:57 am ,6:07 am,7:12 am,1:21 pm,4:21 pm,7:24 pm,8:33 pm
30-Mac-2022,27-Syb-1443,Rabu,5:56 am ,6:06 am,7:12 am,1:21 pm,4:21 pm,7:24 pm,8:33 pm
31-Mac-2022,28-Syb-1443,Khamis,5:56 am ,6:06 am,7:12 am,1:20 pm,4:22 pm,7:24 pm,8:33 pm
01-Apr-2022,29-Syb-1443,Jumaat,5:55 am ,6:05 am,7:11 am,1:20 pm,4:22 pm,7:23 pm,8:33 pm
02-Apr-2022,30-Syb-1443,Sabtu,5:55 am ,6:05 am,7:11 am,1:20 pm,4:22 pm,7:23 pm,8:32 pm
03-Apr-2022,01-Ram-1443,Ahad,5:54 am ,6:04 am,7:10 am,1:19 pm,4:23 pm,7:23 pm,8:32 pm
04-Apr-2022,02-Ram-1443,Isnin,5:54 am ,6:04 am,7:10 am,1:19 pm,4:23 pm,7:23 pm,8:32 pm
05-Apr-2022,03-Ram-1443,Selasa,5:54 am ,6:04 am,7:10 am,1:19 pm,4:24 pm,7:23 pm,8:32 pm
06-Apr-2022,04-Ram-1443,Rabu,5:53 am ,6:03 am,7:09 am,1:19 pm,4:24 pm,7:23 pm,8:32 pm
07-Apr-2022,05-Ram-1443,Khamis,5:53 am ,6:03 am,7:09 am,1:18 pm,4:24 pm,7:22 pm,8:32 pm
08-Apr-2022,06-Ram-1443,Jumaat,5:52 am ,6:02 am,7:08 am,1:18 pm,4:25 pm,7:22 pm,8:32 pm
09-Apr-2022,07-Ram-1443,Sabtu,5:52 am ,6:02 am,7:08 am,1:18 pm,4:25 pm,7:22 pm,8:32 pm
10-Apr-2022,08-Ram-1443,Ahad,5:51 am ,6:01 am,7:08 am,1:17 pm,4:25 pm,7:22 pm,8:31 pm
11-Apr-2022,09-Ram-1443,Isnin,5:51 am ,6:01 am,7:07 am,1:17 pm,4:26 pm,7:22 pm,8:31 pm
12-Apr-2022,10-Ram-1443,Selasa,5:50 am ,6:00 am,7:07 am,1:17 pm,4:26 pm,7:22 pm,8:31 pm
13-Apr-2022,11-Ram-1443,Rabu,5:50 am ,6:00 am,7:07 am,1:17 pm,4:26 pm,7:21 pm,8:31 pm
14-Apr-2022,12-Ram-1443,Khamis,5:50 am ,6:00 am,7:06 am,1:16 pm,4:27 pm,7:21 pm,8:31 pm
15-Apr-2022,13-Ram-1443,Jumaat,5:49 am ,5:59 am,7:06 am,1:16 pm,4:27 pm,7:21 pm,8:31 pm
16-Apr-2022,14-Ram-1443,Sabtu,5:49 am ,5:59 am,7:06 am,1:16 pm,4:27 pm,7:21 pm,8:31 pm
17-Apr-2022,15-Ram-1443,Ahad,5:48 am ,5:58 am,7:05 am,1:16 pm,4:27 pm,7:21 pm,8:31 pm
18-Apr-2022,16-Ram-1443,Isnin,5:48 am ,5:58 am,7:05 am,1:15 pm,4:28 pm,7:21 pm,8:31 pm
19-Apr-2022,17-Ram-1443,Selasa,5:48 am ,5:58 am,7:05 am,1:15 pm,4:28 pm,7:21 pm,8:31 pm
20-Apr-2022,18-Ram-1443,Rabu,5:47 am ,5:57 am,7:04 am,1:15 pm,4:28 pm,7:20 pm,8:31 pm
21-Apr-2022,19-Ram-1443,Khamis,5:47 am ,5:57 am,7:04 am,1:15 pm,4:28 pm,7:20 pm,8:31 pm
22-Apr-2022,20-Ram-1443,Jumaat,5:46 am ,5:56 am,7:04 am,1:15 pm,4:29 pm,7:20 pm,8:31 pm
23-Apr-2022,21-Ram-1443,Sabtu,5:46 am ,5:56 am,7:03 am,1:14 pm,4:29 pm,7:20 pm,8:31 pm
24-Apr-2022,22-Ram-1443,Ahad,5:46 am ,5:56 am,7:03 am,1:14 pm,4:29 pm,7:20 pm,8:31 pm
25-Apr-2022,23-Ram-1443,Isnin,5:45 am ,5:55 am,7:03 am,1:14 pm,4:29 pm,7:20 pm,8:31 pm
26-Apr-2022,24-Ram-1443,Selasa,5:45 am ,5:55 am,7:02 am,1:14 pm,4:30 pm,7:20 pm,8:31 pm
27-Apr-2022,25-Ram-1443,Rabu,5:45 am ,5:55 am,7:02 am,1:14 pm,4:30 pm,7:20 pm,8:31 pm
28-Apr-2022,26-Ram-1443,Khamis,5:44 am ,5:54 am,7:02 am,1:14 pm,4:30 pm,7:20 pm,8:31 pm
29-Apr-2022,27-Ram-1443,Jumaat,5:44 am ,5:54 am,7:02 am,1:13 pm,4:30 pm,7:20 pm,8:31 pm
30-Apr-2022,28-Ram-1443,Sabtu,5:44 am ,5:54 am,7:02 am,1:13 pm,4:31 pm,7:20 pm,8:31 pm
01-Mei-2022,29-Ram-1443,Ahad,5:43 am ,5:53 am,7:01 am,1:13 pm,4:31 pm,7:20 pm,8:31 pm
02-Mei-2022,30-Ram-1443,Isnin,5:43 am ,5:53 am,7:01 am,1:13 pm,4:31 pm,7:20 pm,8:31 pm
03-Mei-2022,01-Syw-1443,Selasa,5:43 am ,5:53 am,7:01 am,1:13 pm,4:31 pm,7:20 pm,8:31 pm
04-Mei-2022,02-Syw-1443,Rabu,5:43 am ,5:53 am,7:01 am,1:13 pm,4:32 pm,7:20 pm,8:32 pm
05-Mei-2022,03-Syw-1443,Khamis,5:42 am ,5:52 am,7:01 am,1:13 pm,4:32 pm,7:20 pm,8:32 pm
06-Mei-2022,04-Syw-1443,Jumaat,5:42 am ,5:52 am,7:00 am,1:13 pm,4:32 pm,7:20 pm,8:32 pm
07-Mei-2022,05-Syw-1443,Sabtu,5:42 am ,5:52 am,7:00 am,1:13 pm,4:32 pm,7:20 pm,8:32 pm
08-Mei-2022,06-Syw-1443,Ahad,5:42 am ,5:52 am,7:00 am,1:13 pm,4:33 pm,7:20 pm,8:32 pm
09-Mei-2022,07-Syw-1443,Isnin,5:41 am ,5:51 am,7:00 am,1:12 pm,4:33 pm,7:20 pm,8:32 pm
10-Mei-2022,08-Syw-1443,Selasa,5:41 am ,5:51 am,7:00 am,1:12 pm,4:33 pm,7:20 pm,8:32 pm
11-Mei-2022,09-Syw-1443,Rabu,5:41 am ,5:51 am,7:00 am,1:12 pm,4:33 pm,7:20 pm,8:32 pm
12-Mei-2022,10-Syw-1443,Khamis,5:41 am ,5:51 am,7:00 am,1:12 pm,4:34 pm,7:20 pm,8:33 pm
13-Mei-2022,11-Syw-1443,Jumaat,5:41 am ,5:51 am,6:59 am,1:12 pm,4:34 pm,7:20 pm,8:33 pm
14-Mei-2022,12-Syw-1443,Sabtu,5:40 am ,5:50 am,6:59 am,1:12 pm,4:34 pm,7:20 pm,8:33 pm
15-Mei-2022,13-Syw-1443,Ahad,5:40 am ,5:50 am,6:59 am,1:12 pm,4:34 pm,7:20 pm,8:33 pm
16-Mei-2022,14-Syw-1443,Isnin,5:40 am ,5:50 am,6:59 am,1:12 pm,4:35 pm,7:20 pm,8:33 pm
17-Mei-2022,15-Syw-1443,Selasa,5:40 am ,5:50 am,6:59 am,1:12 pm,4:35 pm,7:20 pm,8:34 pm
18-Mei-2022,16-Syw-1443,Rabu,5:40 am ,5:50 am,6:59 am,1:12 pm,4:35 pm,7:20 pm,8:34 pm
19-Mei-2022,17-Syw-1443,Khamis,5:40 am ,5:50 am,6:59 am,1:12 pm,4:35 pm,7:20 pm,8:34 pm
20-Mei-2022,18-Syw-1443,Jumaat,5:40 am ,5:50 am,6:59 am,1:13 pm,4:36 pm,7:20 pm,8:34 pm
21-Mei-2022,19-Syw-1443,Sabtu,5:40 am ,5:50 am,6:59 am,1:13 pm,4:36 pm,7:21 pm,8:35 pm
22-Mei-2022,20-Syw-1443,Ahad,5:39 am ,5:49 am,6:59 am,1:13 pm,4:36 pm,7:21 pm,8:35 pm
23-Mei-2022,21-Syw-1443,Isnin,5:39 am ,5:49 am,6:59 am,1:13 pm,4:36 pm,7:21 pm,8:35 pm
24-Mei-2022,22-Syw-1443,Selasa,5:39 am ,5:49 am,6:59 am,1:13 pm,4:37 pm,7:21 pm,8:35 pm
25-Mei-2022,23-Syw-1443,Rabu,5:39 am ,5:49 am,6:59 am,1:13 pm,4:37 pm,7:21 pm,8:35 pm
26-Mei-2022,24-Syw-1443,Khamis,5:39 am ,5:49 am,6:59 am,1:13 pm,4:37 pm,7:21 pm,8:36 pm
27-Mei-2022,25-Syw-1443,Jumaat,5:39 am ,5:49 am,6:59 am,1:13 pm,4:37 pm,7:22 pm,8:36 pm
28-Mei-2022,26-Syw-1443,Sabtu,5:39 am ,5:49 am,6:59 am,1:13 pm,4:38 pm,7:22 pm,8:36 pm
29-Mei-2022,27-Syw-1443,Ahad,5:39 am ,5:49 am,6:59 am,1:13 pm,4:38 pm,7:22 pm,8:37 pm
30-Mei-2022,28-Syw-1443,Isnin,5:39 am ,5:49 am,6:59 am,1:14 pm,4:38 pm,7:22 pm,8:37 pm
31-Mei-2022,29-Syw-1443,Selasa,5:39 am ,5:49 am,7:00 am,1:14 pm,4:38 pm,7:22 pm,8:37 pm
01-Jun-2022,01-Zkh-1443,Rabu,5:39 am ,5:49 am,7:00 am,1:14 pm,4:39 pm,7:22 pm,8:37 pm
02-Jun-2022,02-Zkh-1443,Khamis,5:39 am ,5:49 am,7:00 am,1:14 pm,4:39 pm,7:23 pm,8:38 pm
03-Jun-2022,03-Zkh-1443,Jumaat,5:39 am ,5:49 am,7:00 am,1:14 pm,4:39 pm,7:23 pm,8:38 pm
04-Jun-2022,04-Zkh-1443,Sabtu,5:40 am ,5:50 am,7:00 am,1:14 pm,4:39 pm,7:23 pm,8:38 pm
05-Jun-2022,05-Zkh-1443,Ahad,5:40 am ,5:50 am,7:00 am,1:15 pm,4:40 pm,7:23 pm,8:38 pm
06-Jun-2022,06-Zkh-1443,Isnin,5:40 am ,5:50 am,7:00 am,1:15 pm,4:40 pm,7:24 pm,8:39 pm
07-Jun-2022,07-Zkh-1443,Selasa,5:40 am ,5:50 am,7:00 am,1:15 pm,4:40 pm,7:24 pm,8:39 pm
08-Jun-2022,08-Zkh-1443,Rabu,5:40 am ,5:50 am,7:01 am,1:15 pm,4:40 pm,7:24 pm,8:39 pm
09-Jun-2022,09-Zkh-1443,Khamis,5:40 am ,5:50 am,7:01 am,1:15 pm,4:41 pm,7:24 pm,8:40 pm
10-Jun-2022,10-Zkh-1443,Jumaat,5:40 am ,5:50 am,7:01 am,1:15 pm,4:41 pm,7:24 pm,8:40 pm
11-Jun-2022,11-Zkh-1443,Sabtu,5:40 am ,5:50 am,7:01 am,1:16 pm,4:41 pm,7:25 pm,8:40 pm
12-Jun-2022,12-Zkh-1443,Ahad,5:40 am ,5:50 am,7:01 am,1:16 pm,4:42 pm,7:25 pm,8:40 pm
13-Jun-2022,13-Zkh-1443,Isnin,5:41 am ,5:51 am,7:01 am,1:16 pm,4:42 pm,7:25 pm,8:41 pm
14-Jun-2022,14-Zkh-1443,Selasa,5:41 am ,5:51 am,7:02 am,1:16 pm,4:42 pm,7:25 pm,8:41 pm
15-Jun-2022,15-Zkh-1443,Rabu,5:41 am ,5:51 am,7:02 am,1:16 pm,4:42 pm,7:26 pm,8:41 pm
16-Jun-2022,16-Zkh-1443,Khamis,5:41 am ,5:51 am,7:02 am,1:17 pm,4:42 pm,7:26 pm,8:41 pm
17-Jun-2022,17-Zkh-1443,Jumaat,5:41 am ,5:51 am,7:02 am,1:17 pm,4:43 pm,7:26 pm,8:42 pm
18-Jun-2022,18-Zkh-1443,Sabtu,5:41 am ,5:51 am,7:02 am,1:17 pm,4:43 pm,7:26 pm,8:42 pm
19-Jun-2022,19-Zkh-1443,Ahad,5:42 am ,5:52 am,7:03 am,1:17 pm,4:43 pm,7:26 pm,8:42 pm
20-Jun-2022,20-Zkh-1443,Isnin,5:42 am ,5:52 am,7:03 am,1:18 pm,4:43 pm,7:27 pm,8:42 pm
21-Jun-2022,21-Zkh-1443,Selasa,5:42 am ,5:52 am,7:03 am,1:18 pm,4:44 pm,7:27 pm,8:43 pm
22-Jun-2022,22-Zkh-1443,Rabu,5:42 am ,5:52 am,7:03 am,1:18 pm,4:44 pm,7:27 pm,8:43 pm
23-Jun-2022,23-Zkh-1443,Khamis,5:43 am ,5:53 am,7:04 am,1:18 pm,4:44 pm,7:27 pm,8:43 pm
24-Jun-2022,24-Zkh-1443,Jumaat,5:43 am ,5:53 am,7:04 am,1:18 pm,4:44 pm,7:27 pm,8:43 pm
25-Jun-2022,25-Zkh-1443,Sabtu,5:43 am ,5:53 am,7:04 am,1:19 pm,4:44 pm,7:28 pm,8:43 pm
26-Jun-2022,26-Zkh-1443,Ahad,5:43 am ,5:53 am,7:04 am,1:19 pm,4:45 pm,7:28 pm,8:44 pm
27-Jun-2022,27-Zkh-1443,Isnin,5:43 am ,5:53 am,7:04 am,1:19 pm,4:45 pm,7:28 pm,8:44 pm
28-Jun-2022,28-Zkh-1443,Selasa,5:44 am ,5:54 am,7:05 am,1:19 pm,4:45 pm,7:28 pm,8:44 pm
29-Jun-2022,29-Zkh-1443,Rabu,5:44 am ,5:54 am,7:05 am,1:19 pm,4:45 pm,7:28 pm,8:44 pm
30-Jun-2022,30-Zkh-1443,Khamis,5:44 am ,5:54 am,7:05 am,1:20 pm,4:45 pm,7:29 pm,8:44 pm
01-Jul-2022,01-Zhj-1443,Jumaat,5:44 am ,5:54 am,7:05 am,1:20 pm,4:45 pm,7:29 pm,8:44 pm
02-Jul-2022,02-Zhj-1443,Sabtu,5:45 am ,5:55 am,7:06 am,1:20 pm,4:46 pm,7:29 pm,8:44 pm
03-Jul-2022,03-Zhj-1443,Ahad,5:45 am ,5:55 am,7:06 am,1:20 pm,4:46 pm,7:29 pm,8:45 pm
04-Jul-2022,04-Zhj-1443,Isnin,5:45 am ,5:55 am,7:06 am,1:20 pm,4:46 pm,7:29 pm,8:45 pm
05-Jul-2022,05-Zhj-1443,Selasa,5:45 am ,5:55 am,7:06 am,1:21 pm,4:46 pm,7:29 pm,8:45 pm
06-Jul-2022,06-Zhj-1443,Rabu,5:46 am ,5:56 am,7:06 am,1:21 pm,4:46 pm,7:30 pm,8:45 pm
07-Jul-2022,07-Zhj-1443,Khamis,5:46 am ,5:56 am,7:07 am,1:21 pm,4:46 pm,7:30 pm,8:45 pm
08-Jul-2022,08-Zhj-1443,Jumaat,5:46 am ,5:56 am,7:07 am,1:21 pm,4:46 pm,7:30 pm,8:45 pm
09-Jul-2022,09-Zhj-1443,Sabtu,5:46 am ,5:56 am,7:07 am,1:21 pm,4:46 pm,7:30 pm,8:45 pm
10-Jul-2022,10-Zhj-1443,Ahad,5:47 am ,5:57 am,7:07 am,1:21 pm,4:46 pm,7:30 pm,8:45 pm
11-Jul-2022,11-Zhj-1443,Isnin,5:47 am ,5:57 am,7:07 am,1:22 pm,4:46 pm,7:30 pm,8:45 pm
12-Jul-2022,12-Zhj-1443,Selasa,5:47 am ,5:57 am,7:08 am,1:22 pm,4:46 pm,7:30 pm,8:45 pm
13-Jul-2022,13-Zhj-1443,Rabu,5:47 am ,5:57 am,7:08 am,1:22 pm,4:46 pm,7:30 pm,8:45 pm
14-Jul-2022,14-Zhj-1443,Khamis,5:48 am ,5:58 am,7:08 am,1:22 pm,4:46 pm,7:30 pm,8:45 pm
15-Jul-2022,15-Zhj-1443,Jumaat,5:48 am ,5:58 am,7:08 am,1:22 pm,4:46 pm,7:30 pm,8:45 pm
16-Jul-2022,16-Zhj-1443,Sabtu,5:48 am ,5:58 am,7:08 am,1:22 pm,4:46 pm,7:30 pm,8:45 pm
17-Jul-2022,17-Zhj-1443,Ahad,5:48 am ,5:58 am,7:08 am,1:22 pm,4:46 pm,7:31 pm,8:45 pm
18-Jul-2022,18-Zhj-1443,Isnin,5:48 am ,5:58 am,7:08 am,1:22 pm,4:46 pm,7:31 pm,8:45 pm
19-Jul-2022,19-Zhj-1443,Selasa,5:49 am ,5:59 am,7:09 am,1:22 pm,4:46 pm,7:31 pm,8:45 pm
20-Jul-2022,20-Zhj-1443,Rabu,5:49 am ,5:59 am,7:09 am,1:22 pm,4:46 pm,7:31 pm,8:45 pm
21-Jul-2022,21-Zhj-1443,Khamis,5:49 am ,5:59 am,7:09 am,1:22 pm,4:46 pm,7:31 pm,8:45 pm
22-Jul-2022,22-Zhj-1443,Jumaat,5:49 am ,5:59 am,7:09 am,1:22 pm,4:46 pm,7:31 pm,8:44 pm
23-Jul-2022,23-Zhj-1443,Sabtu,5:49 am ,5:59 am,7:09 am,1:23 pm,4:46 pm,7:30 pm,8:44 pm
24-Jul-2022,24-Zhj-1443,Ahad,5:50 am ,6:00 am,7:09 am,1:23 pm,4:45 pm,7:30 pm,8:44 pm
25-Jul-2022,25-Zhj-1443,Isnin,5:50 am ,6:00 am,7:09 am,1:23 pm,4:45 pm,7:30 pm,8:44 pm
26-Jul-2022,26-Zhj-1443,Selasa,5:50 am ,6:00 am,7:09 am,1:23 pm,4:45 pm,7:30 pm,8:44 pm
27-Jul-2022,27-Zhj-1443,Rabu,5:50 am ,6:00 am,7:09 am,1:23 pm,4:45 pm,7:30 pm,8:44 pm
28-Jul-2022,28-Zhj-1443,Khamis,5:50 am ,6:00 am,7:09 am,1:23 pm,4:45 pm,7:30 pm,8:43 pm
29-Jul-2022,29-Zhj-1443,Jumaat,5:50 am ,6:00 am,7:09 am,1:23 pm,4:44 pm,7:30 pm,8:43 pm
30-Jul-2022,01-Muh-1444,Sabtu,5:51 am ,6:01 am,7:10 am,1:23 pm,4:44 pm,7:30 pm,8:43 pm
31-Jul-2022,02-Muh-1444,Ahad,5:51 am ,6:01 am,7:10 am,1:22 pm,4:44 pm,7:30 pm,8:43 pm
01-Ogos-2022,03-Muh-1444,Isnin,5:51 am ,6:01 am,7:10 am,1:22 pm,4:43 pm,7:30 pm,8:42 pm
02-Ogos-2022,04-Muh-1444,Selasa,5:51 am ,6:01 am,7:10 am,1:22 pm,4:43 pm,7:30 pm,8:42 pm
03-Ogos-2022,05-Muh-1444,Rabu,5:51 am ,6:01 am,7:10 am,1:22 pm,4:43 pm,7:29 pm,8:42 pm
04-Ogos-2022,06-Muh-1444,Khamis,5:51 am ,6:01 am,7:10 am,1:22 pm,4:42 pm,7:29 pm,8:42 pm
05-Ogos-2022,07-Muh-1444,Jumaat,5:51 am ,6:01 am,7:10 am,1:22 pm,4:42 pm,7:29 pm,8:41 pm
06-Ogos-2022,08-Muh-1444,Sabtu,5:51 am ,6:01 am,7:10 am,1:22 pm,4:42 pm,7:29 pm,8:41 pm
07-Ogos-2022,09-Muh-1444,Ahad,5:51 am ,6:01 am,7:10 am,1:22 pm,4:41 pm,7:29 pm,8:41 pm
08-Ogos-2022,10-Muh-1444,Isnin,5:51 am ,6:01 am,7:09 am,1:22 pm,4:41 pm,7:28 pm,8:40 pm
09-Ogos-2022,11-Muh-1444,Selasa,5:51 am ,6:01 am,7:09 am,1:22 pm,4:40 pm,7:28 pm,8:40 pm
10-Ogos-2022,12-Muh-1444,Rabu,5:51 am ,6:01 am,7:09 am,1:21 pm,4:40 pm,7:28 pm,8:40 pm
11-Ogos-2022,13-Muh-1444,Khamis,5:51 am ,6:01 am,7:09 am,1:21 pm,4:39 pm,7:28 pm,8:39 pm
12-Ogos-2022,14-Muh-1444,Jumaat,5:51 am ,6:01 am,7:09 am,1:21 pm,4:39 pm,7:28 pm,8:39 pm
13-Ogos-2022,15-Muh-1444,Sabtu,5:51 am ,6:01 am,7:09 am,1:21 pm,4:38 pm,7:27 pm,8:39 pm
14-Ogos-2022,16-Muh-1444,Ahad,5:51 am ,6:01 am,7:09 am,1:21 pm,4:38 pm,7:27 pm,8:38 pm
15-Ogos-2022,17-Muh-1444,Isnin,5:51 am ,6:01 am,7:09 am,1:21 pm,4:37 pm,7:27 pm,8:38 pm
16-Ogos-2022,18-Muh-1444,Selasa,5:51 am ,6:01 am,7:09 am,1:20 pm,4:36 pm,7:26 pm,8:37 pm
17-Ogos-2022,19-Muh-1444,Rabu,5:51 am ,6:01 am,7:09 am,1:20 pm,4:36 pm,7:26 pm,8:37 pm
18-Ogos-2022,20-Muh-1444,Khamis,5:51 am ,6:01 am,7:09 am,1:20 pm,4:35 pm,7:26 pm,8:37 pm
19-Ogos-2022,21-Muh-1444,Jumaat,5:51 am ,6:01 am,7:09 am,1:20 pm,4:34 pm,7:25 pm,8:36 pm
20-Ogos-2022,22-Muh-1444,Sabtu,5:51 am ,6:01 am,7:08 am,1:19 pm,4:34 pm,7:25 pm,8:36 pm
21-Ogos-2022,23-Muh-1444,Ahad,5:51 am ,6:01 am,7:08 am,1:19 pm,4:33 pm,7:25 pm,8:35 pm
22-Ogos-2022,24-Muh-1444,Isnin,5:51 am ,6:01 am,7:08 am,1:19 pm,4:32 pm,7:24 pm,8:35 pm
23-Ogos-2022,25-Muh-1444,Selasa,5:51 am ,6:01 am,7:08 am,1:19 pm,4:32 pm,7:24 pm,8:34 pm
24-Ogos-2022,26-Muh-1444,Rabu,5:51 am ,6:01 am,7:08 am,1:18 pm,4:31 pm,7:24 pm,8:34 pm
25-Ogos-2022,27-Muh-1444,Khamis,5:51 am ,6:01 am,7:08 am,1:18 pm,4:30 pm,7:23 pm,8:34 pm
26-Ogos-2022,28-Muh-1444,Jumaat,5:50 am ,6:00 am,7:07 am,1:18 pm,4:29 pm,7:23 pm,8:33 pm
27-Ogos-2022,29-Muh-1444,Sabtu,5:50 am ,6:00 am,7:07 am,1:18 pm,4:28 pm,7:23 pm,8:33 pm
28-Ogos-2022,30-Muh-1444,Ahad,5:50 am ,6:00 am,7:07 am,1:17 pm,4:28 pm,7:22 pm,8:32 pm
29-Ogos-2022,01-Saf-1444,Isnin,5:50 am ,6:00 am,7:07 am,1:17 pm,4:27 pm,7:22 pm,8:32 pm
30-Ogos-2022,02-Saf-1444,Selasa,5:50 am ,6:00 am,7:07 am,1:17 pm,4:26 pm,7:21 pm,8:31 pm
31-Ogos-2022,03-Saf-1444,Rabu,5:50 am ,6:00 am,7:06 am,1:16 pm,4:25 pm,7:21 pm,8:31 pm
01-Sep-2022,04-Saf-1444,Khamis,5:50 am ,6:00 am,7:06 am,1:16 pm,4:25 pm,7:21 pm,8:30 pm
02-Sep-2022,05-Saf-1444,Jumaat,5:50 am ,6:00 am,7:06 am,1:16 pm,4:24 pm,7:20 pm,8:30 pm
03-Sep-2022,06-Saf-1444,Sabtu,5:49 am ,5:59 am,7:06 am,1:15 pm,4:23 pm,7:20 pm,8:29 pm
04-Sep-2022,07-Saf-1444,Ahad,5:49 am ,5:59 am,7:06 am,1:15 pm,4:22 pm,7:19 pm,8:29 pm
05-Sep-2022,08-Saf-1444,Isnin,5:49 am ,5:59 am,7:05 am,1:15 pm,4:21 pm,7:19 pm,8:28 pm
06-Sep-2022,09-Saf-1444,Selasa,5:49 am ,5:59 am,7:05 am,1:14 pm,4:20 pm,7:18 pm,8:28 pm
07-Sep-2022,10-Saf-1444,Rabu,5:49 am ,5:59 am,7:05 am,1:14 pm,4:19 pm,7:18 pm,8:27 pm
08-Sep-2022,11-Saf-1444,Khamis,5:49 am ,5:59 am,7:05 am,1:14 pm,4:18 pm,7:18 pm,8:27 pm
09-Sep-2022,12-Saf-1444,Jumaat,5:48 am ,5:58 am,7:04 am,1:13 pm,4:17 pm,7:17 pm,8:26 pm
10-Sep-2022,13-Saf-1444,Sabtu,5:48 am ,5:58 am,7:04 am,1:13 pm,4:16 pm,7:17 pm,8:26 pm
11-Sep-2022,14-Saf-1444,Ahad,5:48 am ,5:58 am,7:04 am,1:13 pm,4:15 pm,7:16 pm,8:25 pm
12-Sep-2022,15-Saf-1444,Isnin,5:48 am ,5:58 am,7:04 am,1:12 pm,4:14 pm,7:16 pm,8:25 pm
13-Sep-2022,16-Saf-1444,Selasa,5:48 am ,5:58 am,7:03 am,1:12 pm,4:13 pm,7:15 pm,8:24 pm
14-Sep-2022,17-Saf-1444,Rabu,5:47 am ,5:57 am,7:03 am,1:12 pm,4:12 pm,7:15 pm,8:24 pm
15-Sep-2022,18-Saf-1444,Khamis,5:47 am ,5:57 am,7:03 am,1:11 pm,4:12 pm,7:14 pm,8:23 pm
16-Sep-2022,19-Saf-1444,Jumaat,5:47 am ,5:57 am,7:03 am,1:11 pm,4:12 pm,7:14 pm,8:23 pm
17-Sep-2022,20-Saf-1444,Sabtu,5:47 am ,5:57 am,7:02 am,1:11 pm,4:13 pm,7:13 pm,8:22 pm
18-Sep-2022,21-Saf-1444,Ahad,5:46 am ,5:56 am,7:02 am,1:10 pm,4:13 pm,7:13 pm,8:22 pm
19-Sep-2022,22-Saf-1444,Isnin,5:46 am ,5:56 am,7:02 am,1:10 pm,4:13 pm,7:13 pm,8:21 pm
20-Sep-2022,23-Saf-1444,Selasa,5:46 am ,5:56 am,7:02 am,1:10 pm,4:14 pm,7:12 pm,8:21 pm
21-Sep-2022,24-Saf-1444,Rabu,5:46 am ,5:56 am,7:01 am,1:09 pm,4:14 pm,7:12 pm,8:20 pm
22-Sep-2022,25-Saf-1444,Khamis,5:45 am ,5:55 am,7:01 am,1:09 pm,4:14 pm,7:11 pm,8:20 pm
23-Sep-2022,26-Saf-1444,Jumaat,5:45 am ,5:55 am,7:01 am,1:08 pm,4:14 pm,7:11 pm,8:20 pm
24-Sep-2022,27-Saf-1444,Sabtu,5:45 am ,5:55 am,7:01 am,1:08 pm,4:15 pm,7:10 pm,8:19 pm
25-Sep-2022,28-Saf-1444,Ahad,5:45 am ,5:55 am,7:00 am,1:08 pm,4:15 pm,7:10 pm,8:19 pm
26-Sep-2022,29-Saf-1444,Isnin,5:45 am ,5:55 am,7:00 am,1:07 pm,4:15 pm,7:09 pm,8:18 pm
27-Sep-2022,30-Saf-1444,Selasa,5:44 am ,5:54 am,7:00 am,1:07 pm,4:15 pm,7:09 pm,8:18 pm
28-Sep-2022,01-Raw-1444,Rabu,5:44 am ,5:54 am,7:00 am,1:07 pm,4:15 pm,7:08 pm,8:17 pm
29-Sep-2022,02-Raw-1444,Khamis,5:44 am ,5:54 am,7:00 am,1:06 pm,4:16 pm,7:08 pm,8:17 pm
30-Sep-2022,03-Raw-1444,Jumaat,5:44 am ,5:54 am,6:59 am,1:06 pm,4:16 pm,7:08 pm,8:16 pm
01-Okt-2022,04-Raw-1444,Sabtu,5:43 am ,5:53 am,6:59 am,1:06 pm,4:16 pm,7:07 pm,8:16 pm
02-Okt-2022,05-Raw-1444,Ahad,5:43 am ,5:53 am,6:59 am,1:05 pm,4:16 pm,7:07 pm,8:16 pm
03-Okt-2022,06-Raw-1444,Isnin,5:43 am ,5:53 am,6:59 am,1:05 pm,4:16 pm,7:06 pm,8:15 pm
04-Okt-2022,07-Raw-1444,Selasa,5:43 am ,5:53 am,6:58 am,1:05 pm,4:16 pm,7:06 pm,8:15 pm
05-Okt-2022,08-Raw-1444,Rabu,5:42 am ,5:52 am,6:58 am,1:05 pm,4:17 pm,7:06 pm,8:15 pm
06-Okt-2022,09-Raw-1444,Khamis,5:42 am ,5:52 am,6:58 am,1:04 pm,4:17 pm,7:05 pm,8:14 pm
07-Okt-2022,10-Raw-1444,Jumaat,5:42 am ,5:52 am,6:58 am,1:04 pm,4:17 pm,7:05 pm,8:14 pm
08-Okt-2022,11-Raw-1444,Sabtu,5:42 am ,5:52 am,6:58 am,1:04 pm,4:17 pm,7:04 pm,8:13 pm
09-Okt-2022,12-Raw-1444,Ahad,5:41 am ,5:51 am,6:58 am,1:03 pm,4:17 pm,7:04 pm,8:13 pm
10-Okt-2022,13-Raw-1444,Isnin,5:41 am ,5:51 am,6:57 am,1:03 pm,4:17 pm,7:04 pm,8:13 pm
11-Okt-2022,14-Raw-1444,Selasa,5:41 am ,5:51 am,6:57 am,1:03 pm,4:17 pm,7:03 pm,8:13 pm
12-Okt-2022,15-Raw-1444,Rabu,5:41 am ,5:51 am,6:57 am,1:03 pm,4:17 pm,7:03 pm,8:12 pm
13-Okt-2022,16-Raw-1444,Khamis,5:41 am ,5:51 am,6:57 am,1:02 pm,4:18 pm,7:03 pm,8:12 pm
14-Okt-2022,17-Raw-1444,Jumaat,5:40 am ,5:50 am,6:57 am,1:02 pm,4:18 pm,7:02 pm,8:12 pm
15-Okt-2022,18-Raw-1444,Sabtu,5:40 am ,5:50 am,6:57 am,1:02 pm,4:18 pm,7:02 pm,8:11 pm
16-Okt-2022,19-Raw-1444,Ahad,5:40 am ,5:50 am,6:57 am,1:02 pm,4:18 pm,7:02 pm,8:11 pm
17-Okt-2022,20-Raw-1444,Isnin,5:40 am ,5:50 am,6:56 am,1:01 pm,4:18 pm,7:01 pm,8:11 pm
18-Okt-2022,21-Raw-1444,Selasa,5:40 am ,5:50 am,6:56 am,1:01 pm,4:18 pm,7:01 pm,8:11 pm
19-Okt-2022,22-Raw-1444,Rabu,5:39 am ,5:49 am,6:56 am,1:01 pm,4:18 pm,7:01 pm,8:10 pm
20-Okt-2022,23-Raw-1444,Khamis,5:39 am ,5:49 am,6:56 am,1:01 pm,4:18 pm,7:00 pm,8:10 pm
21-Okt-2022,24-Raw-1444,Jumaat,5:39 am ,5:49 am,6:56 am,1:01 pm,4:18 pm,7:00 pm,8:10 pm
22-Okt-2022,25-Raw-1444,Sabtu,5:39 am ,5:49 am,6:56 am,1:01 pm,4:18 pm,7:00 pm,8:10 pm
23-Okt-2022,26-Raw-1444,Ahad,5:39 am ,5:49 am,6:56 am,1:00 pm,4:19 pm,7:00 pm,8:10 pm
24-Okt-2022,27-Raw-1444,Isnin,5:39 am ,5:49 am,6:56 am,1:00 pm,4:19 pm,6:59 pm,8:10 pm
25-Okt-2022,28-Raw-1444,Selasa,5:39 am ,5:49 am,6:56 am,1:00 pm,4:19 pm,6:59 pm,8:10 pm
26-Okt-2022,29-Raw-1444,Rabu,5:38 am ,5:48 am,6:56 am,1:00 pm,4:19 pm,6:59 pm,8:09 pm
27-Okt-2022,01-Rak-1444,Khamis,5:38 am ,5:48 am,6:56 am,1:00 pm,4:19 pm,6:59 pm,8:09 pm
28-Okt-2022,02-Rak-1444,Jumaat,5:38 am ,5:48 am,6:56 am,1:00 pm,4:19 pm,6:59 pm,8:09 pm
29-Okt-2022,03-Rak-1444,Sabtu,5:38 am ,5:48 am,6:56 am,1:00 pm,4:19 pm,6:59 pm,8:09 pm
30-Okt-2022,04-Rak-1444,Ahad,5:38 am ,5:48 am,6:56 am,1:00 pm,4:19 pm,6:59 pm,8:09 pm
31-Okt-2022,05-Rak-1444,Isnin,5:38 am ,5:48 am,6:56 am,1:00 pm,4:19 pm,6:58 pm,8:09 pm
01-Nov-2022,06-Rak-1444,Selasa,5:38 am ,5:48 am,6:56 am,1:00 pm,4:20 pm,6:58 pm,8:09 pm
02-Nov-2022,07-Rak-1444,Rabu,5:38 am ,5:48 am,6:56 am,1:00 pm,4:20 pm,6:58 pm,8:09 pm
03-Nov-2022,08-Rak-1444,Khamis,5:38 am ,5:48 am,6:56 am,1:00 pm,4:20 pm,6:58 pm,8:09 pm
04-Nov-2022,09-Rak-1444,Jumaat,5:38 am ,5:48 am,6:56 am,1:00 pm,4:20 pm,6:58 pm,8:09 pm
05-Nov-2022,10-Rak-1444,Sabtu,5:38 am ,5:48 am,6:56 am,1:00 pm,4:20 pm,6:58 pm,8:09 pm
06-Nov-2022,11-Rak-1444,Ahad,5:38 am ,5:48 am,6:56 am,1:00 pm,4:20 pm,6:58 pm,8:10 pm
07-Nov-2022,12-Rak-1444,Isnin,5:38 am ,5:48 am,6:57 am,1:00 pm,4:21 pm,6:58 pm,8:10 pm
08-Nov-2022,13-Rak-1444,Selasa,5:38 am ,5:48 am,6:57 am,1:00 pm,4:21 pm,6:58 pm,8:10 pm
09-Nov-2022,14-Rak-1444,Rabu,5:38 am ,5:48 am,6:57 am,1:00 pm,4:21 pm,6:58 pm,8:10 pm
10-Nov-2022,15-Rak-1444,Khamis,5:38 am ,5:48 am,6:57 am,1:00 pm,4:21 pm,6:58 pm,8:10 pm
11-Nov-2022,16-Rak-1444,Jumaat,5:38 am ,5:48 am,6:57 am,1:00 pm,4:21 pm,6:58 pm,8:10 pm
12-Nov-2022,17-Rak-1444,Sabtu,5:38 am ,5:48 am,6:57 am,1:00 pm,4:22 pm,6:58 pm,8:10 pm
13-Nov-2022,18-Rak-1444,Ahad,5:38 am ,5:48 am,6:58 am,1:00 pm,4:22 pm,6:58 pm,8:11 pm
14-Nov-2022,19-Rak-1444,Isnin,5:38 am ,5:48 am,6:58 am,1:00 pm,4:22 pm,6:58 pm,8:11 pm
15-Nov-2022,20-Rak-1444,Selasa,5:39 am ,5:49 am,6:58 am,1:01 pm,4:22 pm,6:59 pm,8:11 pm
16-Nov-2022,21-Rak-1444,Rabu,5:39 am ,5:49 am,6:58 am,1:01 pm,4:22 pm,6:59 pm,8:11 pm
17-Nov-2022,22-Rak-1444,Khamis,5:39 am ,5:49 am,6:59 am,1:01 pm,4:23 pm,6:59 pm,8:11 pm
18-Nov-2022,23-Rak-1444,Jumaat,5:39 am ,5:49 am,6:59 am,1:01 pm,4:23 pm,6:59 pm,8:12 pm
19-Nov-2022,24-Rak-1444,Sabtu,5:39 am ,5:49 am,6:59 am,1:01 pm,4:23 pm,6:59 pm,8:12 pm
20-Nov-2022,25-Rak-1444,Ahad,5:39 am ,5:49 am,6:59 am,1:02 pm,4:24 pm,6:59 pm,8:12 pm
21-Nov-2022,26-Rak-1444,Isnin,5:40 am ,5:50 am,7:00 am,1:02 pm,4:24 pm,6:59 pm,8:13 pm
22-Nov-2022,27-Rak-1444,Selasa,5:40 am ,5:50 am,7:00 am,1:02 pm,4:24 pm,7:00 pm,8:13 pm
23-Nov-2022,28-Rak-1444,Rabu,5:40 am ,5:50 am,7:00 am,1:02 pm,4:24 pm,7:00 pm,8:13 pm
24-Nov-2022,29-Rak-1444,Khamis,5:40 am ,5:50 am,7:01 am,1:03 pm,4:25 pm,7:00 pm,8:14 pm
25-Nov-2022,30-Rak-1444,Jumaat,5:40 am ,5:50 am,7:01 am,1:03 pm,4:25 pm,7:00 pm,8:14 pm
26-Nov-2022,01-Jaw-1444,Sabtu,5:41 am ,5:51 am,7:01 am,1:03 pm,4:25 pm,7:01 pm,8:14 pm
27-Nov-2022,02-Jaw-1444,Ahad,5:41 am ,5:51 am,7:02 am,1:04 pm,4:26 pm,7:01 pm,8:15 pm
28-Nov-2022,03-Jaw-1444,Isnin,5:41 am ,5:51 am,7:02 am,1:04 pm,4:26 pm,7:01 pm,8:15 pm
29-Nov-2022,04-Jaw-1444,Selasa,5:42 am ,5:52 am,7:03 am,1:04 pm,4:27 pm,7:02 pm,8:15 pm
30-Nov-2022,05-Jaw-1444,Rabu,5:42 am ,5:52 am,7:03 am,1:05 pm,4:27 pm,7:02 pm,8:16 pm
01-Dis-2022,06-Jaw-1444,Khamis,5:42 am ,5:52 am,7:03 am,1:05 pm,4:27 pm,7:02 pm,8:16 pm
02-Dis-2022,07-Jaw-1444,Jumaat,5:43 am ,5:53 am,7:04 am,1:05 pm,4:28 pm,7:03 pm,8:17 pm
03-Dis-2022,08-Jaw-1444,Sabtu,5:43 am ,5:53 am,7:04 am,1:06 pm,4:28 pm,7:03 pm,8:17 pm
04-Dis-2022,09-Jaw-1444,Ahad,5:43 am ,5:53 am,7:05 am,1:06 pm,4:29 pm,7:03 pm,8:18 pm
05-Dis-2022,10-Jaw-1444,Isnin,5:44 am ,5:54 am,7:05 am,1:06 pm,4:29 pm,7:04 pm,8:18 pm
06-Dis-2022,11-Jaw-1444,Selasa,5:44 am ,5:54 am,7:06 am,1:07 pm,4:29 pm,7:04 pm,8:19 pm
07-Dis-2022,12-Jaw-1444,Rabu,5:44 am ,5:54 am,7:06 am,1:07 pm,4:30 pm,7:05 pm,8:19 pm
08-Dis-2022,13-Jaw-1444,Khamis,5:45 am ,5:55 am,7:07 am,1:08 pm,4:30 pm,7:05 pm,8:19 pm
09-Dis-2022,14-Jaw-1444,Jumaat,5:45 am ,5:55 am,7:07 am,1:08 pm,4:31 pm,7:05 pm,8:20 pm
10-Dis-2022,15-Jaw-1444,Sabtu,5:46 am ,5:56 am,7:07 am,1:09 pm,4:31 pm,7:06 pm,8:20 pm
11-Dis-2022,16-Jaw-1444,Ahad,5:46 am ,5:56 am,7:08 am,1:09 pm,4:32 pm,7:06 pm,8:21 pm
12-Dis-2022,17-Jaw-1444,Isnin,5:47 am ,5:57 am,7:08 am,1:10 pm,4:32 pm,7:07 pm,8:21 pm
13-Dis-2022,18-Jaw-1444,Selasa,5:47 am ,5:57 am,7:09 am,1:10 pm,4:33 pm,7:07 pm,8:22 pm
14-Dis-2022,19-Jaw-1444,Rabu,5:47 am ,5:57 am,7:09 am,1:10 pm,4:33 pm,7:08 pm,8:22 pm
15-Dis-2022,20-Jaw-1444,Khamis,5:48 am ,5:58 am,7:10 am,1:11 pm,4:34 pm,7:08 pm,8:23 pm
16-Dis-2022,21-Jaw-1444,Jumaat,5:48 am ,5:58 am,7:10 am,1:11 pm,4:34 pm,7:09 pm,8:23 pm
17-Dis-2022,22-Jaw-1444,Sabtu,5:49 am ,5:59 am,7:11 am,1:12 pm,4:35 pm,7:09 pm,8:24 pm
18-Dis-2022,23-Jaw-1444,Ahad,5:49 am ,5:59 am,7:11 am,1:12 pm,4:35 pm,7:09 pm,8:24 pm
19-Dis-2022,24-Jaw-1444,Isnin,5:50 am ,6:00 am,7:12 am,1:13 pm,4:36 pm,7:10 pm,8:25 pm
20-Dis-2022,25-Jaw-1444,Selasa,5:50 am ,6:00 am,7:12 am,1:13 pm,4:36 pm,7:10 pm,8:25 pm
21-Dis-2022,26-Jaw-1444,Rabu,5:51 am ,6:01 am,7:13 am,1:14 pm,4:36 pm,7:11 pm,8:26 pm
22-Dis-2022,27-Jaw-1444,Khamis,5:51 am ,6:01 am,7:13 am,1:14 pm,4:37 pm,7:11 pm,8:26 pm
23-Dis-2022,28-Jaw-1444,Jumaat,5:52 am ,6:02 am,7:14 am,1:15 pm,4:37 pm,7:12 pm,8:27 pm
24-Dis-2022,29-Jaw-1444,Sabtu,5:52 am ,6:02 am,7:14 am,1:15 pm,4:38 pm,7:12 pm,8:27 pm
25-Dis-2022,01-Jak-1444,Ahad,5:53 am ,6:03 am,7:15 am,1:16 pm,4:38 pm,7:13 pm,8:28 pm
26-Dis-2022,02-Jak-1444,Isnin,5:53 am ,6:03 am,7:15 am,1:16 pm,4:39 pm,7:13 pm,8:28 pm
27-Dis-2022,03-Jak-1444,Selasa,5:54 am ,6:04 am,7:16 am,1:17 pm,4:39 pm,7:14 pm,8:29 pm
28-Dis-2022,04-Jak-1444,Rabu,5:54 am ,6:04 am,7:16 am,1:17 pm,4:40 pm,7:14 pm,8:29 pm
29-Dis-2022,05-Jak-1444,Khamis,5:55 am ,6:05 am,7:17 am,1:18 pm,4:40 pm,7:15 pm,8:30 pm
30-Dis-2022,06-Jak-1444,Jumaat,5:55 am ,6:05 am,7:17 am,1:18 pm,4:41 pm,7:15 pm,8:30 pm
31-Dis-2022,07-Jak-1444,Sabtu,5:56 am ,6:06 am,7:18 am,1:19 pm,4:41 pm,7:16 pm,8:31 pm